timestamp,pic index,text
2024-01-05 03:05:29,1418/1576,Imaae size: 7.3MB Timestamp: 013:2647 (2024-01-05-03:05:29 UTC) GPS Time: 0. PPS: 0. Quality: 0 No GPS position Conversion Rate: 1.3 fps | Current Image: 1418/1576 | L/R Keyframes: 0 / 1576 Shutter 92. Gain 0. Gamma 1.00
2024-01-05 03:05:30,1419/1576,Image size: 6.8MB Timestamp: 014:2729 (2024-01-05-03:05:30 UTC) GPS Time: 0. PPS: 0. Quality: 0 No GPS position Conversion Rate: 1.3 fps | Current Image: 1419/1576 | L/R Keyframes: 0 / 1576 Shutter 92. Gain 0. Gamma 1.00
2024-01-05 03:05:31,1420/1576,Imaae size: 6.8MB Timestamp: 015:2811 (2024-01-05-03:05:31 UTO) GPS Time: 0. PPS: 0. Quality: 0 No GPS position Conversion Rate: 1.3 fps | Current Image: 1420/1576 | L/R Keyframes: 0 / 1576 Shutter 92. Gain 0. Gamma 1.00
2024-01-05 03:05:32,1421/1576,Imaae size: 6.8MB Timestamp: 016:2894 (2024-01-05-03:05:32 UTC) GPS Time: 0. PPS: 0. Quality: 0 No GPS position Conversion Rate: 1.3 fps | Current Image: 1421/1576 | L/R Keyframes: 0 / 1576 Shutter 92. Gain 0. Gamma 1.00
2024-01-05 03:05:33,1422/1576,Imaae size: 7.3MB Timestamp: 017:2977 (2024-01-05-03:05:33 UTO) GPS Time: 0. PPS: 0. Quality: 0 No GPS position Conversion Rate: 1.3 fps | Current Image: 1422/1576 | L/R Keyframes: 0 / 1576 Shutter 92. Gain 0. Gamma 1.00
2024-01-05 03:05:34,1423/1576,Image size: 7.6MB Timestamp: 018:3061 (2024-01-05-03:05:34 UTC) GPS Time: 0. PPS: 0. Quality: 0 No GPS position Conversion Rate: 1.3 fps | Current Image: 1423/1576 | L/R Keyframes: 0 / 1576 Shutter 92. Gain 0. Gamma 1.00
2024-01-05 03:05:35,1424/1576,Imaae size: 7.8MB Timestamp: 019:3143 (2024-01-05-03:05:35 UTC) GPS Time: 0. PPS: 0. Quality: 0 No GPS position Conversion Rate: 1.3 fps | Current Image: 1424/1576 | L/R Keyframes: 0 / 1576 Shutter 92. Gain 0. Gamma 1.00
2024-01-05 03:05:36,1425/1576,Imaae size: 8.0MB Timestamp: 020:3226 (2024-01-05-03:05:36 UTC) GPS Time: 0. PPS: 0. Quality: 0 No GPS position Conversion Rate: 1.3 fps | Current Image: 1425/1576 | L/R Keyframes: 0 / 1576 Shutter 92. Gain 0. Gamma 1.00
2024-01-05 03:05:37,1426/1576,Imaae size: 7.8MB Timestamp: 021:3307 (2024-01-05-03:05:37 UTC) GPS Time: 0. PPS: 0. Quality: 0 No GPS position Conversion Rate: 1.3 fps | Current Image: 1426/1576 | L/R Keyframes: 0 / 1576 Shutter 92. Gain 0. Gamma 1.00
2024-01-05 03:05:38,1427/1576,Imaae size: 7.8MB Timestamp: 022:3389 (2024-01-05-03:05:38 UTC) GPS Time: 0. PPS: 0. Quality: 0 No GPS position Conversion Rate: 1.3 fps | Current Image: 1427/1576 | L/R Keyframes: 0 / 1576 Shutter 92. Gain 0. Gamma 1.00
2024-01-05 03:05:39,1428/1576,Imaae size: 9.1MB Timestamp: 023:3470 (2024-01-05-03:05:39 UTC) GPS Time: 0. PPS: 0. Quality: 0 No GPS position Conversion Rate: 1.3 fps | Current Image: 1428/1576 | L/R Keyframes: 0 / 1576 Shutter 92. Gain 0. Gamma 1.00
2024-01-05 03:05:40,1429/1576,Imaae size: 8.6MB Timestamp: 024:3550 (2024-01-05-03:05:40 UTC) GPS Time: 0. PPS: 0. Quality: 0 No GPS position Conversion Rate: 1.3 fps | Current Image: 1429/1576 | L/R Keyframes: 0 / 1576 Shutter 92. Gain 0. Gamma 1.00
2024-01-05 03:05:41,1429/1576,Imaae size: 8.1MB Timestamp: 025:3630 (2024-01-05-03:05:41 UTC) GPS Time: 0. PPS: 0. Quality: 0 No GPS position Conversion Rate: 1.3 fps | Current Image: 1429/1576 | L/R Keyframes: 0 / 1576 Shutter 92. Gain 0. Gamma 1.00
2024-01-05 03:05:41,1430/1576,Imaae size: 8.1MB Timestamp: 025:3630 (2024-01-05-03:05:41 UTC) GPS Time: 0. PPS: 0. Quality: 0 No GPS position Conversion Rate: 1.3 fps | Current Image: 1430/1576 | L/R Keyframes: 0 / 1576 Shutter 92. Gain 0. Gamma 1.00
2024-01-05 03:05:42,1431/1576,Imaae size: 6.7MB Timestamp: 026:3712 (2024-01-05-03:05:42 UTC) GPS Time: 0. PPS: 0. Quality: 0 No GPS position Conversion Rate: 1.3 fps | Current Image: 1431/1576 | L/R Keyframes: 0 / 1576 Shutter 92. Gain 0. Gamma 1.00
2024-01-05 03:05:43,1432/1576,Imaae size: 7.2MB Timestamp: 027:3795 (2024-01-05-03:05:43 UTC) GPS Time: 0. PPS: 0. Quality: 0 No GPS position Conversion Rate: 1.3 fps | Current Image: 1432/1576 | L/R Keyframes: 0 / 1576 Shutter 92. Gain 0. Gamma 1.00
2024-01-05 03:05:44,1432/1576,Imaae size: 7.2MB Timestamp: 028:3879 (2024-01-05-03:05:44 UTC) GPS Time: 0. PPS: 0. Quality: 0 No GPS position Conversion Rate: 1.3 fps | Current Image: 1432/1576 | L/R Keyframes: 0 / 1576 Shutter 92. Gain 0. Gamma 1.00
2024-01-05 03:05:44,1433/1576,Imaae size: 7.2MB Timestamp: 028:3879 (2024-01-05-03:05:44 UTC) GPS Time: 0. PPS: 0. Quality: 0 No GPS position Conversion Rate: 1.3 fps | Current Image: 1433/1576 | L/R Keyframes: 0 / 1576 Shutter 92. Gain 0. Gamma 1.00
2024-01-05 03:05:45,1434/1576,Imaae size: 7.2MB Timestamp: 029:3961 (2024-01-05-03:05:45 UTC) GPS Time: 0. PPS: 0. Quality: 0 No GPS position Conversion Rate: 1.3 fps | Current Image: 1434/1576 | L/R Keyframes: 0 / 1576 Shutter 92. Gain 0. Gamma 1.00
2024-01-05 03:05:46,1435/1576,Imaqe size: 7.0MB Timestamp: 030:4044 (2024-01-05-03:05:46 UTC) GPS Time: 0. PPS: 0. Quality: 0 No GPS position Conversion Rate: 1.3 fps | Current Image: 1435/1576 | L/R Keyframes: 0 / 1576 Shutter 92. Gain 0. Gamma 1.00
2024-01-05 03:05:47,1436/1576,Imaae size: 7.1MB Timestamp: 031:4126 (2024-01-05-03:05:47 UTC) GPS Time: 0. PPS: 0. Quality: 0 No GPS position Conversion Rate: 1.3 fps | Current Image: 1436/1576 | L/R Keyframes: 0 / 1576 Shutter 92. Gain 0. Gamma 1.00
2024-01-05 03:05:48,1437/1576,Image size: 6.6MB Timestamp: 032:4210 (2024-01-05-03:05:48 UTC) GPS Time: 0. PPS: 0. Quality: 0 No GPS position Conversion Rate: 1.3 fps | Current Image: 1437/1576 | L/R Keyframes: 0 / 1576 Shutter 92. Gain 0. Gamma 1.00
2024-01-05 03:05:49,1438/1576,Image size: 8.0MB Timestamp: 033:4293 (2024-01-05-03:05:49 UTC) GPS Time: 0. PPS: 0. Quality: 0 No GPS position Conversion Rate: 1.3 fps | Current Image: 1438/1576 | L/R Keyframes: 0 / 1576 Shutter 92. Gain 0. Gamma 1.00
2024-01-05 03:05:50,1439/1576,Imaae size: 7.8MB Timestamp: 034:4374 (2024-01-05-03:05:50 UTC) GPS Time: 0. PPS: 0. Quality: 0 No GPS position Conversion Rate: 1.3 fps | Current Image: 1439/1576 | L/R Keyframes: 0 / 1576 Shutter 92. Gain 0. Gamma 1.00
2024-01-05 03:05:51,1440/1576,Imaqe size: 7.8MB Timestamp: 035:4455 (2024-01-05-03:05:51 UTC) GPS Time: 0. PPS: 0. Quality: 0 No GPS position Conversion Rate: 1.3 fps | Current Image: 1440/1576 | L/R Keyframes: 0 / 1576 Shutter 92. Gain 0. Gamma 1.00
2024-01-05 03:05:52,1441/1576,Imaae size: 7.7MB Timestamp: 036:4537 (2024-01-05-03:05:52 UTC) GPS Time: 0. PPS: 0. Quality: 0 No GPS position Conversion Rate: 1.3 fps | Current Image: 1441/1576 | L/R Keyframes: 0 / 1576 Shutter 92. Gain 0. Gamma 1.00
2024-01-05 03:05:53,1442/1576,Imaae size: 7.7MB Timestamp: 037:4618 (2024-01-05-03:05:53 UTO) GPS Time: 0. PPS: 0. Quality: 0 No GPS position Conversion Rate: 1.3 fps | Current Image: 1442/1576 | L/R Keyframes: 0 / 1576 Shutter 92. Gain 0. Gamma 1.00
2024-01-05 03:05:54,1443/1576,Imaae size: 7.5MB Timestamp: 038:4700 (2024-01-05-03:05:54 UTC) GPS Time: 0. PPS: 0. Quality: 0 No GPS position Conversion Rate: 1.3 fps | Current Image: 1443/1576 | L/R Keyframes: 0 / 1576 Shutter 92. Gain 0. Gamma 1.00
2024-01-05 03:05:55,1444/1576,Imaae size: 7.5MB Timestamp: 039:4781 (2024-01-05-03:05:55 UTC) GPS Time: 0. PPS: 0. Quality: 0 No GPS position Conversion Rate: 1.3 fps | Current Image: 1444/1576 | L/R Keyframes: 0 / 1576 Shutter 92. Gain 0. Gamma 1.00
2024-01-05 03:05:56,1445/1576,Imaqe size: 7.5MB Timestamp: 040:4863 (2024-01-05-03:05:56 UTC) GPS Time: 0. PPS: 0. Quality: 0 No GPS position Conversion Rate: 1.3 fps | Current Image: 1445/1576 | L/R Keyframes: 0 / 1576 Shutter 92. Gain 0. Gamma 1.00
2024-01-05 03:05:57,1446/1576,Imaqe size: 7.7MB Timestamp: 041:4945 (2024-01-05-03:05:57 UTC) GPS Time: 0. PPS: 0. Quality: 0 No GPS position Conversion Rate: 1.3 fps | Current Image: 1446/1576 | L/R Keyframes: 0 / 1576 Shutter 92. Gain 0. Gamma 1.00
2024-01-05 03:05:58,1447/1576,Imaae size: 7.7MB Timestamp: 042:5027 (2024-01-05-03:05:58 UTC) GPS Time: 0. PPS: 0. Quality: 0 No GPS position Conversion Rate: 1.3 fps | Current Image: 1447/1576 | L/R Keyframes: 0 / 1576 Shutter 92. Gain 0. Gamma 1.00
2024-01-05 03:05:59,1448/1576,Imaae size: 7.6MB Timestamp: 043:5108 (2024-01-05-03:05:59 UTC) GPS Time: 0. PPS: 0. Quality: 0 No GPS position Conversion Rate: 1.3 fps | Current Image: 1448/1576 | L/R Keyframes: 0 / 1576 Shutter 92. Gain 0. Gamma 1.00
2024-01-05 03:06:00,1449/1576,Image size: 7.6MB Timestamp: 044:5190 (2024-01-05-03:06:00 UTC) GPS Time: 0. PPS: 0. Quality: 0 No GPS position Conversion Rate: 1.3 fps | Current Image: 1449/1576 | L/R Keyframes: 0 / 1576 Shutter 92. Gain 0. Gamma 1.00
2024-01-05 03:06:01,1450/1576,Imaae size: 7.5MB Timestamp: 045:5271 (2024-01-05-03:06:01 UTC) GPS Time: 0. PPS: 0. Quality: 0 No GPS position Conversion Rate: 1.3 fps | Current Image: 1450/1576 | L/R Keyframes: 0 / 1576 Shutter 92. Gain 0. Gamma 1.00
2024-01-05 03:06:02,1451/1576,Image size: 7.7MB Timestamp: 046:5353 (2024-01-05-03:06:02 UTC) GPS Time: 0. PPS: 0. Quality: 0 No GPS position Conversion Rate: 1.3 fps | Current Image: 1451/1576 | L/R Keyframes: 0 / 1576 Shutter 92. Gain 0. Gamma 1.00
2024-01-05 03:06:03,1452/1576,Imaae size: 8.1MB Timestamp: 047:5433 (2024-01-05-03:06:03 UTC) GPS Time: 0. PPS: 0. Quality: 0 No GPS position Conversion Rate: 1.3 fps | Current Image: 1452/1576 | L/R Keyframes: 0 / 1576 Shutter 92. Gain 0. Gamma 1.00
2024-01-05 03:06:04,1453/1576,Imaae size: 7.6MB Timestamp: 048:5513 (2024-01-05-03:06:04 UTC) GPS Time: 0. PPS: 0. Quality: 0 No GPS position Conversion Rate: 1.3 fps | Current Image: 1453/1576 | L/R Keyframes: 0 / 1576 Shutter 92. Gain 0. Gamma 1.00
2024-01-05 03:06:05,1454/1576,Imaae size: 7.4MB Timestamp: 049:5594 (2024-01-05-03:06:05 UTC) GPS Time: 0. PPS: 0. Quality: 0 No GPS position Conversion Rate: 1.3 fps | Current Image: 1454/1576 | L/R Keyframes: 0 / 1576 Shutter 92. Gain 0. Gamma 1.00
2024-01-05 03:06:06,1455/1576,Imaae size: 7.3MB Timestamp: 050:5676 (2024-01-05-03:06:06 UTC) GPS Time: 0. PPS: 0. Quality: 0 No GPS position Conversion Rate: 1.3 fps | Current Image: 1455/1576 | L/R Keyframes: 0 / 1576 Shutter 92. Gain 0. Gamma 1.00
2024-01-05 03:06:07,1456/1576,Image size: 7.2MB Timestamp: 051:5757 (2024-01-05-03:06:07 UTC) GPS Time: 0. PPS: 0. Quality: 0 No GPS position Conversion Rate: 1.3 fps | Current Image: 1456/1576 | L/R Keyframes: 0 / 1576 Shutter 92. Gain 0. Gamma 1.00
2024-01-05 03:06:08,1457/1576,Imaqe size: 7.1MB Timestamp: 052:5839 (2024-01-05-03:06:08 UTC) GPS Time: 0. PPS: 0. Quality: 0 No GPS position Conversion Rate: 1.3 fps | Current Image: 1457/1576 | L/R Keyframes: 0 / 1576 Shutter 92. Gain 0. Gamma 1.00
2024-01-05 03:06:09,1458/1576,Imaae size: 7.1MB Timestamp: 053:5920 (2024-01-05-03:06:09 UTC) GPS Time: 0. PPS: 0. Quality: 0 No GPS position Conversion Rate: 1.3 fps | Current Image: 1458/1576 | L/R Keyframes: 0 / 1576 Shutter 92. Gain 0. Gamma 1.00
2024-01-05 03:06:10,1459/1576,Imaae size: 7.0MB Timestamp: 054:6002 (2024-01-05-03:06:10 UTC) GPS Time: 0. PPS: 0. Quality: 0 No GPS position Conversion Rate: 1.3 fps | Current Image: 1459/1576 | L/R Keyframes: 0 / 1576 Shutter 92. Gain 0. Gamma 1.00
2024-01-05 03:06:11,1460/1576,Imaae size: 7.0MB Timestamp: 055:6084 (2024-01-05-03:06:11 UTC) GPS Time: 0. PPS: 0. Quality: 0 No GPS position Conversion Rate: 1.3 fps | Current Image: 1460/1576 | L/R Keyframes: 0 / 1576 Shutter 92. Gain 0. Gamma 1.00
2024-01-05 03:06:12,1461/1576,Imaae size: 7.1MB Timestamp: 056:6166 (2024-01-05-03:06:12 UTC) GPS Time: 0. PPS: 0. Quality: 0 No GPS position Conversion Rate: 1.3 fps | Current Image: 1461/1576 | L/R Keyframes: 0 / 1576 Shutter 92. Gain 0. Gamma 1.00
2024-01-05 03:06:13,1462/1576,Imaae size: 7.1MB Timestamp: 057:6247 (2024-01-05-03:06:13 UTC) GPS Time: 0. PPS: 0. Quality: 0 No GPS position Conversion Rate: 1.3 fps | Current Image: 1462/1576 | L/R Keyframes: 0 / 1576 Shutter 92. Gain 0. Gamma 1.00
2024-01-05 03:06:14,1463/1576,Image size: 7.1MB Timestamp: 058:6330 (2024-01-05-03:06:14 UTC) GPS Time: 0. PPS: 0. Quality: 0 No GPS position Conversion Rate: 1.3 fps | Current Image: 1463/1576 | L/R Keyframes: 0 / 1576 Shutter 92. Gain 0. Gamma 1.00
2024-01-05 03:06:15,1464/1576,Imaqe size: 7.1MB Timestamp: 059:6411 (2024-01-05-03:06:15 UTC) GPS Time: 0. PPS: 0. Quality: 0 No GPS position Conversion Rate: 1.3 fps | Current Image: 1464/1576 | L/R Keyframes: 0 / 1576 Shutter 92. Gain 0. Gamma 1.00
2024-01-05 03:06:16,1465/1576,Imaae size: 7.1MB Timestamp: 060:6493 (2024-01-05-03:06:16 UTC) GPS Time: 0. PPS: 0. Quality: 0 No GPS position Conversion Rate: 1.3 fps | Current Image: 1465/1576 | L/R Keyframes: 0 / 1576 Shutter 92. Gain 0. Gamma 1.00
2024-01-05 03:06:17,1466/1576,Imaqe size: 7.0MB Timestamp: 061:6575 (2024-01-05-03:06:17 UTC) GPS Time: 0. PPS: 0. Quality: 0 No GPS position Conversion Rate: 1.3 fps | Current Image: 1466/1576 | L/R Keyframes: 0 / 1576 Shutter 92. Gain 0. Gamma 1.00
2024-01-05 03:06:18,1467/1576,Imaae size: 7.3MB Timestamp: 062:6657 (2024-01-05-03:06:18 UTC) GPS Time: 0. PPS: 0. Quality: 0 No GPS position Conversion Rate: 1.3 fps | Current Image: 1467/1576 | L/R Keyframes: 0 / 1576 Shutter 92. Gain 0. Gamma 1.00
2024-01-05 03:06:19,1468/1576,Image size: 7.2MB Timestamp: 063:6740 (2024-01-05-03:06:19 UTC) GPS Time: 0. PPS: 0. Quality: 0 No GPS position Conversion Rate: 1.3 fps | Current Image: 1468/1576 | L/R Keyframes: 0 / 1576 Shutter 92. Gain 0. Gamma 1.00
2024-01-05 03:06:20,1469/1576,Imaae size: 7.3MB Timestamp: 064:6823 (2024-01-05-03:06:20 UTC) GPS Time: 0. PPS: 0. Quality: 0 No GPS position Conversion Rate: 1.3 fps | Current Image: 1469/1576 | L/R Keyframes: 0 / 1576 Shutter 92. Gain 0. Gamma 1.00
2024-01-05 03:06:21,1470/1576,Imaae size: 7.1MB Timestamp: 065:6905 (2024-01-05-03:06:21 UTC) GPS Time: 0. PPS: 0. Quality: 0 No GPS position Conversion Rate: 1.3 fps | Current Image: 1470/1576 | L/R Keyframes: 0 / 1576 Shutter 92. Gain 0. Gamma 1.00
2024-01-05 03:06:22,1471/1576,Imaae size: 7.3MB Timestamp: 066:6988 (2024-01-05-03:06:22 UTC) GPS Time: 0. PPS: 0. Quality: 0 No GPS position Conversion Rate: 1.3 fps | Current Image: 1471/1576 | L/R Keyframes: 0 / 1576 Shutter 92. Gain 0. Gamma 1.00
2024-01-05 03:06:23,1472/1576,Imaae size: 7.3MB Timestamp: 067:7069 (2024-01-05-03:06:23 UTC) GPS Time: 0. PPS: 0. Quality: 0 No GPS position Conversion Rate: 1.3 fps | Current Image: 1472/1576 | L/R Keyframes: 0 / 1576 Shutter 92. Gain 0. Gamma 1.00
2024-01-05 03:06:24,1473/1576,Image size: 7.3MB Timestamp: 068:7152 (2024-01-05-03:06:24 UTC) GPS Time: 0. PPS: 0. Quality: 0 No GPS position Conversion Rate: 1.3 fps | Current Image: 1473/1576 | L/R Keyframes: 0 / 1576 Shutter 92. Gain 0. Gamma 1.00
2024-01-05 03:06:25,1474/1576,Imaae size: 7.8MB Timestamp: 069:7234 (2024-01-05-03:06:25 UTC) GPS Time: 0. PPS: 0. Quality: 0 No GPS position Conversion Rate: 1.3 fps | Current Image: 1474/1576 | L/R Keyframes: 0 / 1576 Shutter 92. Gain 0. Gamma 1.00
2024-01-05 03:06:26,1475/1576,Image size: 7.9MB Timestamp: 070:7315 (2024-01-05-03:06:26 UTC) GPS Time: 0. PPS: 0. Quality: 0 No GPS position Conversion Rate: 1.3 fps | Current Image: 1475/1576 | L/R Keyframes: 0 / 1576 Shutter 92. Gain 0. Gamma 1.00
2024-01-05 03:06:28,1476/1576,Imaae size: 7.6MB Timestamp: 071:7396 (2024-01-05-03:06:28 UTC) GPS Time: 0. PPS: 0. Quality: 0 No GPS position Conversion Rate: 1.3 fps | Current Image: 1476/1576 | L/R Keyframes: 0 / 1576 Shutter 92. Gain 0. Gamma 1.00
2024-01-05 03:06:29,1477/1576,Imaae size: 7.5MB Timestamp: 072:7478 (2024-01-05-03:06:29 UTC) GPS Time: 0. PPS: 0. Quality: 0 No GPS position Conversion Rate: 1.3 fps | Current Image: 1477/1576 | L/R Keyframes: 0 / 1576 Shutter 92. Gain 0. Gamma 1.00
2024-01-05 03:06:30,1478/1576,Imaae size: 7.2MB Timestamp: 073:7560 (2024-01-05-03:06:30 UTC) GPS Time: 0. PPS: 0. Quality: 0 No GPS position Conversion Rate: 1.3 fps | Current Image: 1478/1576 | L/R Keyframes: 0 / 1576 Shutter 92. Gain 0. Gamma 1.00
2024-01-05 03:06:31,1479/1576,Image size: 7.3MB Timestamp: 074:7643 (2024-01-05-03:06:31 UTC) GPS Time: 0. PPS: 0. Quality: 0 No GPS position Conversion Rate: 1.3 fps | Current Image: 1479/1576 | L/R Keyframes: 0 / 1576 Shutter 92. Gain 0. Gamma 1.00
2024-01-05 03:06:32,1480/1576,Imaae size: 7.7MB Timestamp: 075:7725 (2024-01-05-03:06:32 UTC) GPS Time: 0. PPS: 0. Quality: 0 No GPS position Conversion Rate: 1.3 fps | Current Image: 1480/1576 | L/R Keyframes: 0 / 1576 Shutter 92. Gain 0. Gamma 1.00
2024-01-05 03:06:33,1481/1576,Image size: 8.0MB Timestamp: 076:7807 (2024-01-05-03:06:33 UTC) GPS Time: 0. PPS: 0. Quality: 0 No GPS position Conversion Rate: 1.3 fps | Current Image: 1481/1576 | L/R Keyframes: 0 / 1576 Shutter 92. Gain 0. Gamma 1.00
2024-01-05 03:06:34,1482/1576,Imaae size: 8.0MB Timestamp: 077:7889 (2024-01-05-03:06:34 UTC) GPS Time: 0. PPS: 0. Quality: 0 No GPS position Conversion Rate: 1.3 fps | Current Image: 1482/1576 | L/R Keyframes: 0 / 1576 Shutter 92. Gain 0. Gamma 1.00
2024-01-05 03:06:35,1483/1576,Imaae size: 8.1MB Timestamp: 079:0052 (2024-01-05-03:06:35 UTC) GPS Time: 0. PPS: 0. Quality: 0 No GPS position Conversion Rate: 1.3 fps | Current Image: 1483/1576 | L/R Keyframes: 0 / 1576 Shutter 92. Gain 0. Gamma 1.00
2024-01-05 03:06:36,1484/1576,Imaae size: 8.2MB Timestamp: 080:0133 (2024-01-05-03:06:36 UTC) GPS Time: 0. PPS: 0. Quality: 0 No GPS position Conversion Rate: 1.3 fps | Current Image: 1484/1576 | L/R Keyframes: 0 / 1576 Shutter 92. Gain 0. Gamma 1.00
2024-01-05 03:06:37,1485/1576,Image size: 8.1MB Timestamp: 081:0215 (2024-01-05-03:06:37 UTC) GPS Time: 0. PPS: 0. Quality: 0 No GPS position Conversion Rate: 1.3 fps | Current Image: 1485/1576 | L/R Keyframes: 0 / 1576 Shutter 92. Gain 0. Gamma 1.00
2024-01-05 03:06:38,1486/1576,Imaae size: 8.1MB Timestamp: 082:0297 (2024-01-05-03:06:38 UTC) GPS Time: 0. PPS: 0. Quality: 0 No GPS position Conversion Rate: 1.3 fps | Current Image: 1486/1576 | L/R Keyframes: 0 / 1576 Shutter 92. Gain 0. Gamma 1.00
2024-01-05 03:06:39,1487/1576,Imaae size: 8.4MB Timestamp: 083:0379 (2024-01-05-03:06:39 UTC) GPS Time: 0. PPS: 0. Quality: 0 No GPS position Conversion Rate: 1.3 fps | Current Image: 1487/1576 | L/R Keyframes: 0 / 1576 Shutter 92. Gain 0. Gamma 1.00
2024-01-05 03:06:40,1488/1576,Imaae size: 8.2MB Timestamp: 084:0461 (2024-01-05-03:06:40 UTC) GPS Time: 0. PPS: 0. Quality: 0 No GPS position Conversion Rate: 1.3 fps | Current Image: 1488/1576 | L/R Keyframes: 0 / 1576 Shutter 92. Gain 0. Gamma 1.00
2024-01-05 03:06:41,1489/1576,Imaae size: 7.3MB Timestamp: 085:0544 (2024-01-05-03:06:41 UTC) GPS Time: 0. PPS: 0. Quality: 0 No GPS position Conversion Rate: 1.3 fps | Current Image: 1489/1576 | L/R Keyframes: 0 / 1576 Shutter 92. Gain 0. Gamma 1.00
2024-01-05 03:06:42,1490/1576,Imaae size: 8.4MB Timestamp: 086:0628 (2024-01-05-03:06:42 UTC) GPS Time: 0. PPS: 0. Quality: 0 No GPS position Conversion Rate: 1.3 fps | Current Image: 1490/1576 | L/R Keyframes: 0 / 1576 Shutter 92. Gain 0. Gamma 1.00
2024-01-05 03:06:43,1491/1576,Image size: 9.2MB Timestamp: 087:0708 (2024-01-05-03:06:43 UTC) GPS Time: 0. PPS: 0. Quality: 0 No GPS position Conversion Rate: 1.3 fps | Current Image: 1491/1576 | L/R Keyframes: 0 / 1576 Shutter 92. Gain 0. Gamma 1.00
2024-01-05 03:06:44,1492/1576,Image size: 9.0MB Timestamp: 088:0789 (2024-01-05-03:06:44 UTC) GPS Time: 0. PPS: 0. Quality: 0 No GPS position Conversion Rate: 1.3 fps | Current Image: 1492/1576 | L/R Keyframes: 0 / 1576 Shutter 92. Gain 0. Gamma 1.00
2024-01-05 03:06:45,1493/1576,Imaqe size: 9.0MB Timestamp: 089:0870 (2024-01-05-03:06:45 UTC) GPS Time: 0. PPS: 0. Quality: 0 No GPS position Conversion Rate: 1.3 fps | Current Image: 1493/1576 | L/R Keyframes: 0 / 1576 Shutter 92. Gain 0. Gamma 1.00
2024-01-05 03:06:46,1494/1576,Imaae size: 9.3MB Timestamp: 090:0953 (2024-01-05-03:06:46 UTC) GPS Time: 0. PPS: 0. Quality: 0 No GPS position Conversion Rate: 1.3 fps | Current Image: 1494/1576 | L/R Keyframes: 0 / 1576 Shutter 92. Gain 0. Gamma 1.00
2024-01-05 03:06:47,1495/1576,Imaae size: 9.4MB Timestamp: 091:1035 (2024-01-05-03:06:47 UTC) GPS Time: 0. PPS: 0. Quality: 0 No GPS position Conversion Rate: 1.3 fps | Current Image: 1495/1576 | L/R Keyframes: 0 / 1576 Shutter 92. Gain 0. Gamma 1.00
2024-01-05 03:06:48,1496/1576,Imaae size: 8.9MB Timestamp: 092:1117 (2024-01-05-03:06:48 UTC) GPS Time: 0. PPS: 0. Quality: 0 No GPS position Conversion Rate: 1.3 fps | Current Image: 1496/1576 | L/R Keyframes: 0 / 1576 Shutter 92. Gain 0. Gamma 1.00
2024-01-05 03:06:49,1497/1576,Imaae size: 8.5MB Timestamp: 093:1199 (2024-01-05-03:06:49 UTC) GPS Time: 0. PPS: 0. Quality: 0 No GPS position Conversion Rate: 1.3 fps | Current Image: 1497/1576 | L/R Keyframes: 0 / 1576 Shutter 92. Gain 0. Gamma 1.00
2024-01-05 03:06:50,1498/1576,Image size: 8.2MB Timestamp: 094:1281 (2024-01-05-03:06:50 UTC) GPS Time: 0. PPS: 0. Quality: 0 No GPS position Conversion Rate: 1.3 fps | Current Image: 1498/1576 | L/R Keyframes: 0 / 1576 Shutter 92. Gain 0. Gamma 1.00
2024-01-05 03:06:51,1499/1576,Imaae size: 8.0MB Timestamp: 095:1362 (2024-01-05-03:06:51 UTC) GPS Time: 0. PPS: 0. Quality: 0 No GPS position Conversion Rate: 1.3 fps | Current Image: 1499/1576 | L/R Keyframes: 0 / 1576 Shutter 92. Gain 0. Gamma 1.00
2024-01-05 03:06:52,1500/1576,Imaae size: 7.9MB Timestamp: 096:1444 (2024-01-05-03:06:52 UTC) GPS Time: 0. PPS: 0. Quality: 0 No GPS position Conversion Rate: 1.3 fps | Current Image: 1500/1576 | L/R Keyframes: 0 / 1576 Shutter 92. Gain 0. Gamma 1.00
2024-01-05 03:06:53,1501/1576,Imaae size: 8.0MB Timestamp: 097:1526 (2024-01-05-03:06:53 UTC) GPS Time: 0. PPS: 0. Quality: 0 No GPS position Conversion Rate: 1.3 fps | Current Image: 1501/1576 | L/R Keyframes: 0 / 1576 Shutter 92. Gain 0. Gamma 1.00
2024-01-05 03:06:54,1502/1576,Image size: 8.0MB Timestamp: 098:1609 (2024-01-05-03:06:54 UTC) GPS Time: 0. PPS: 0. Quality: 0 No GPS position Conversion Rate: 1.3 fps | Current Image: 1502/1576 | L/R Keyframes: 0 / 1576 Shutter 92. Gain 0. Gamma 1.00
2024-01-05 03:06:55,1503/1576,Imaae size: 8.0MB Timestamp: 099:1690 (2024-01-05-03:06:55 UTC) GPS Time: 0. PPS: 0. Quality: 0 No GPS position Conversion Rate: 1.3 fps | Current Image: 1503/1576 | L/R Keyframes: 0 / 1576 Shutter 92. Gain 0. Gamma 1.00
2024-01-05 03:06:56,1504/1576,Image size: 8.0MB Timestamp: 100:1773 (2024-01-05-03:06:56 UTC) GPS Time: 0. PPS: 0. Quality: 0 No GPS position Conversion Rate: 1.3 fps | Current Image: 1504/1576 | L/R Keyframes: 0 / 1576 Shutter 92. Gain 0. Gamma 1.00
2024-01-05 03:06:57,1505/1576,Imaae size: 8.0MB Timestamp: 101:1773 (2024-01-05-03:06:57 UTC) GPS Time: 0. PPS: 0. Quality: 0 No GPS position Conversion Rate: 1.3 fps | Current Image: 1505/1576 | L/R Keyframes: 0 / 1576 Shutter 92. Gain 0. Gamma 1.00
2024-01-05 03:06:58,1506/1576,Image size: 7.9MB Timestamp: 102:1775 (2024-01-05-03:06:58 UTC) GPS Time: 0. PPS: 0. Quality: 0 No GPS position Conversion Rate: 1.3 fps | Current Image: 1506/1576 | L/R Keyframes: 0 / 1576 Shutter 92. Gain 0. Gamma 1.00
2024-01-05 03:06:59,1507/1576,Imaae size: 8.0MB Timestamp: 103:1857 (2024-01-05-03:06:59 UTC) GPS Time: 0. PPS: 0. Quality: 0 No GPS position Conversion Rate: 1.3 fps | Current Image: 1507/1576 | L/R Keyframes: 0 / 1576 Shutter 92. Gain 0. Gamma 1.00
2024-01-05 03:07:00,1508/1576,Imaae size: 7.9MB Timestamp: 104:1939 (2024-01-05-03:07:00 UTC) GPS Time: 0. PPS: 0. Quality: 0 No GPS position Conversion Rate: 1.3 fps | Current Image: 1508/1576 | L/R Keyframes: 0 / 1576 Shutter 92. Gain 0. Gamma 1.00
2024-01-05 03:07:01,1509/1576,Image size: 7.9MB Timestamp: 105:2019 (2024-01-05-03:07:01 UTC) GPS Time: 0. PPS: 0. Quality: 0 No GPS position Conversion Rate: 1.3 fps | Current Image: 1509/1576 | L/R Keyframes: 0 / 1576 Shutter 92. Gain 0. Gamma 1.00
2024-01-05 03:07:02,1510/1576,Imaae size: 8.4MB Timestamp: 106:2101 (2024-01-05-03:07:02 UTC) GPS Time: 0. PPS: 0. Quality: 0 No GPS position Conversion Rate: 1.3 fps | Current Image: 1510/1576 | L/R Keyframes: 0 / 1576 Shutter 92. Gain 0. Gamma 1.00
2024-01-05 03:07:03,1511/1576,Imaae size: 8.6MB Timestamp: 107:2181 (2024-01-05-03:07:03 UTC) GPS Time: 0. PPS: 0. Quality: 0 No GPS position Conversion Rate: 1.3 fps | Current Image: 1511/1576 | L/R Keyframes: 0 / 1576 Shutter 92. Gain 0. Gamma 1.00
2024-01-05 03:07:04,1512/1576,Imaae size: 8.7MB Timestamp: 108:2262 (2024-01-05-03:07:04 UTC) GPS Time: 0. PPS: 0. Quality: 0 No GPS position Conversion Rate: 1.3 fps | Current Image: 1512/1576 | L/R Keyframes: 0 / 1576 Shutter 92. Gain 0. Gamma 1.00
2024-01-05 03:07:05,1513/1576,Imaae size: 8.9MB Timestamp: 109:2343 (2024-01-05-03:07:05 UTC) GPS Time: 0. PPS: 0. Quality: 0 No GPS position Conversion Rate: 1.3 fps | Current Image: 1513/1576 | L/R Keyframes: 0 / 1576 Shutter 92. Gain 0. Gamma 1.00
2024-01-05 03:07:06,1514/1576,Imaae size: 8.5MB Timestamp: 110:2425 (2024-01-05-03:07:06 UTC) GPS Time: 0. PPS: 0. Quality: 0 No GPS position Conversion Rate: 1.3 fps | Current Image: 1514/1576 | L/R Keyframes: 0 / 1576 Shutter 92. Gain 0. Gamma 1.00
2024-01-05 03:07:07,1515/1576,Imaae size: 8.5MB Timestamp: 111:2426 (2024-01-05-03:07:07 UTC) GPS Time: 0. PPS: 0. Quality: 0 No GPS position Conversion Rate: 1.3 fps | Current Image: 1515/1576 | L/R Keyframes: 0 / 1576 Shutter 92. Gain 0. Gamma 1.00
2024-01-05 03:07:08,1515/1576,Imaqe size: 8.5MB Timestamp: 112:2508 (2024-01-05-03:07:08 UTC) GPS Time: 0. PPS: 0. Quality: 0 No GPS position Conversion Rate: 1.3 fps | Current Image: 1515/1576 | L/R Keyframes: 0 / 1576 Shutter 92. Gain 0. Gamma 1.00
2024-01-05 03:07:08,1516/1576,Imaae size: 8.5MB Timestamp: 112:2508 (2024-01-05-03:07:08 UTC) GPS Time: 0. PPS: 0. Quality: 0 No GPS position Conversion Rate: 1.3 fps | Current Image: 1516/1576 | L/R Keyframes: 0 / 1576 Shutter 92. Gain 0. Gamma 1.00
2024-01-05 03:07:09,1517/1576,Imaae size: 8.5MB Timestamp: 113:2589 (2024-01-05-03:07:09 UTC) GPS Time: 0. PPS: 0. Quality: 0 No GPS position Conversion Rate: 1.3 fps | Current Image: 1517/1576 | L/R Keyframes: 0 / 1576 Shutter 92. Gain 0. Gamma 1.00
2024-01-05 03:07:10,1518/1576,Imaae size: 8.6MB Timestamp: 114:2591 (2024-01-05-03:07:10 UTC) GPS Time: 0. PPS: 0. Quality: 0 No GPS position Conversion Rate: 1.3 fps | Current Image: 1518/1576 | L/R Keyframes: 0 / 1576 Shutter 92. Gain 0. Gamma 1.00
2024-01-05 03:07:11,1519/1576,Image size: 8.0MB Timestamp: 115:2672 (2024-01-05-03:07:11 UTO) GPS Time: 0. PPS: 0. Quality: 0 No GPS position Conversion Rate: 1.3 fps | Current Image: 1519/1576 | L/R Keyframes: 0 / 1576 Shutter 92. Gain 0. Gamma 1.00
,1519/1576,Imaqe size: 8.0MB Timestamp: 115:2672 (2024-01-05-03:07:11 UTOQ) GPS Time: 0. PPS: 0. Quality: 0 No GPS position Conversion Rate: 1.3 fps | Current Image: 1519/1576 | L/R Keyframes: 0 / 1576 Shutter 92. Gain 0. Gamma 1.00
,1520/1576,Image size: 8.0MB Timestamp: 116:2754 (2024-01-05-03:07:12 UTOQ) GPS Time: 0. PPS: 0. Quality: 0 No GPS position Conversion Rate: 1.3 fps | Current Image: 1520/1576 | L/R Keyframes: 0 / 1576 Shutter 92. Gain 0. Gamma 1.00
2024-01-05 03:07:12,1520/1576,Image size: 8.0MB Timestamp: 116:2754 (2024-01-05-03:07:12 UTO) GPS Time: 0. PPS: 0. Quality: 0 No GPS position Conversion Rate: 1.3 fps | Current Image: 1520/1576 | L/R Keyframes: 0 / 1576 Shutter 92. Gain 0. Gamma 1.00
2024-01-05 03:07:13,1521/1576,Imaae size: 7.9MB Timestamp: 117:2836 (2024-01-05-03:07:13 UTO) GPS Time: 0. PPS: 0. Quality: 0 No GPS position Conversion Rate: 1.3 fps | Current Image: 1521/1576 | L/R Keyframes: 0 / 1576 Shutter 92. Gain 0. Gamma 1.00
2024-01-05 03:07:14,1521/1576,Imaae size: 8.0MB Timestamp: 118:2838 (2024-01-05-03:07:14 UTO) GPS Time: 0. PPS: 0. Quality: 0 No GPS position Conversion Rate: 1.3 fps | Current Image: 1521/1576 | L/R Keyframes: 0 / 1576 Shutter 92. Gain 0. Gamma 1.00
2024-01-05 03:07:14,1522/1576,Image size: 8.0MB Timestamp: 118:2838 (2024-01-05-03:07:14 UTO) GPS Time: 0. PPS: 0. Quality: 0 No GPS position Conversion Rate: 1.3 fps | Current Image: 1522/1576 | L/R Keyframes: 0 / 1576 Shutter 92. Gain 0. Gamma 1.00
,1522/1576,Image size: 8.0MB Timestamp: 118:2838 (2024-01-05-03:07:14 UTOQ) GPS Time: 0. PPS: 0. Quality: 0 No GPS position Conversion Rate: 1.3 fps | Current Image: 1522/1576 | L/R Keyframes: 0 / 1576 Shutter 92. Gain 0. Gamma 1.00
2024-01-05 03:07:15,1523/1576,Imaae size: 8.0MB Timestamp: 119:2919 (2024-01-05-03:07:15 UTO) GPS Time: 0. PPS: 0. Quality: 0 No GPS position Conversion Rate: 1.3 fps | Current Image: 1523/1576 | L/R Keyframes: 0 / 1576 Shutter 92. Gain 0. Gamma 1.00
2024-01-05 03:07:16,1524/1576,Imaae size: 8.0MB Timestamp: 120:3002 (2024-01-05-03:07:16 UTO) GPS Time: 0. PPS: 0. Quality: 0 No GPS position Conversion Rate: 1.3 fps | Current Image: 1524/1576 | L/R Keyframes: 0 / 1576 Shutter 92. Gain 0. Gamma 1.00
,1524/1576,Image size: 8.0MB Timestamp: 120:3002 (2024-01-05-03:07:16 UTOQ) GPS Time: 0. PPS: 0. Quality: 0 No GPS position Conversion Rate: 1.3 fps | Current Image: 1524/1576 | L/R Keyframes: 0 / 1576 Shutter 92. Gain 0. Gamma 1.00
2024-01-05 03:07:17,1525/1576,Image size: 8.2MB Timestamp: 121:3083 (2024-01-05-03:07:17 UTO) GPS Time: 0. PPS: 0. Quality: 0 No GPS position Conversion Rate: 1.3 fps | Current Image: 1525/1576 | L/R Keyframes: 0 / 1576 Shutter 92. Gain 0. Gamma 1.00
,1525/1576,Image size: 8.2MB Timestamp: 121:3083 (2024-01-05-03:07:17 UTOQ) GPS Time: 0. PPS: 0. Quality: 0 No GPS position Conversion Rate: 1.3 fps | Current Image: 1525/1576 | L/R Keyframes: 0 / 1576 Shutter 92. Gain 0. Gamma 1.00
2024-01-05 03:07:18,1526/1576,Imaae size: 8.4MB Timestamp: 122:3165 (2024-01-05-03:07:18 UTO) GPS Time: 0. PPS: 0. Quality: 0 No GPS position Conversion Rate: 1.3 fps | Current Image: 1526/1576 | L/R Keyframes: 0 / 1576 Shutter 92. Gain 0. Gamma 1.00
,1526/1576,Imaae size: 8.4MB Timestamp: 122:3165 (2024-01-05-03:07:18 UTOQ) GPS Time: 0. PPS: 0. Quality: 0 No GPS position Conversion Rate: 1.3 fps | Current Image: 1526/1576 | L/R Keyframes: 0 / 1576 Shutter 92. Gain 0. Gamma 1.00
2024-01-05 03:07:19,1527/1576,Imaae size: 8.8MB Timestamp: 123:3247 (2024-01-05-03:07:19 UTC) GPS Time: 0. PPS: 0. Quality: 0 No GPS position Conversion Rate: 1.3 fps | Current Image: 1527/1576 | L/R Keyframes: 0 / 1576 Shutter 92. Gain 0. Gamma 1.00
2024-01-05 03:07:20,1528/1576,Image size: 8.9MB Timestamp: 124:3329 (2024-01-05-03:07:20 UTC) GPS Time: 0. PPS: 0. Quality: 0 No GPS position Conversion Rate: 1.2 fps | Current Image: 1528/1576 | L/R Keyframes: 0 / 1576 Shutter 92. Gain 0. Gamma 1.00
2024-01-05 03:07:21,1529/1576,Imaae size: 9.4MB Timestamp: 125:3411 (2024-01-05-03:07:21 UTC) GPS Time: 0. PPS: 0. Quality: 0 No GPS position Conversion Rate: 1.2 fps | Current Image: 1529/1576 | L/R Keyframes: 0 / 1576 Shutter 92. Gain 0. Gamma 1.00
2024-01-05 03:07:22,1530/1576,Imaae size: 9.5MB Timestamp: 126:3493 (2024-01-05-03:07:22 UTC) GPS Time: 0. PPS: 0. Quality: 0 No GPS position Conversion Rate: 1.3 fps | Current Image: 1530/1576 | L/R Keyframes: 0 / 1576 Shutter 92. Gain 0. Gamma 1.00
2024-01-05 03:07:23,1531/1576,Imaae size: 9.4MB Timestamp: 127:3574 (2024-01-05-03:07:23 UTO) GPS Time: 0. PPS: 0. Quality: 0 No GPS position Conversion Rate: 1.3 fps | Current Image: 1531/1576 | L/R Keyframes: 0 / 1576 Shutter 92. Gain 0. Gamma 1.00
2024-01-05 03:07:24,1532/1576,Imaae size: 9.3MB Timestamp: 000:3657 (2024-01-05-03:07:24 UTC) GPS Time: 0. PPS: 0. Quality: 0 No GPS position Conversion Rate: 1.3 fps | Current Image: 1532/1576 | L/R Keyframes: 0 / 1576 Shutter 92. Gain 0. Gamma 1.00
2024-01-05 03:07:25,1533/1576,Imaae size: 9.2MB Timestamp: 001:3738 (2024-01-05-03:07:25 UTO) GPS Time: 0. PPS: 0. Quality: 0 No GPS position Conversion Rate: 1.3 fps | Current Image: 1533/1576 | L/R Keyframes: 0 / 1576 Shutter 92. Gain 0. Gamma 1.00
2024-01-05 03:07:26,1534/1576,Imaae size: 9.2MB Timestamp: 002:3820 (2024-01-05-03:07:26 UTC) GPS Time: 0. PPS: 0. Quality: 0 No GPS position Conversion Rate: 1.3 fps | Current Image: 1534/1576 | L/R Keyframes: 0 / 1576 Shutter 92. Gain 0. Gamma 1.00
2024-01-05 03:07:27,1535/1576,Image size: 9.0MB Timestamp: 003:3902 (2024-01-05-03:07:27 UTC) GPS Time: 0. PPS: 0. Quality: 0 No GPS position Conversion Rate: 1.3 fps | Current Image: 1535/1576 | L/R Keyframes: 0 / 1576 Shutter 92. Gain 0. Gamma 1.00
2024-01-05 03:07:28,1536/1576,Image size: 8.8MB Timestamp: 004:3984 (2024-01-05-03:07:28 UTC) GPS Time: 0. PPS: 0. Quality: 0 No GPS position Conversion Rate: 1.3 fps | Current Image: 1536/1576 | L/R Keyframes: 0 / 1576 Shutter 92. Gain 0. Gamma 1.00
2024-01-05 03:07:29,1537/1576,Imaae size: 8.9MB Timestamp: 005:4065 (2024-01-05-03:07:29 UTC) GPS Time: 0. PPS: 0. Quality: 0 No GPS position Conversion Rate: 1.3 fps | Current Image: 1537/1576 | L/R Keyframes: 0 / 1576 Shutter 92. Gain 0. Gamma 1.00
2024-01-05 03:07:30,1538/1576,Imaae size: 8.7MB Timestamp: 006:4147 (2024-01-05-03:07:30 UTC) GPS Time: 0. PPS: 0. Quality: 0 No GPS position Conversion Rate: 1.3 fps | Current Image: 1538/1576 | L/R Keyframes: 0 / 1576 Shutter 92. Gain 0. Gamma 1.00
2024-01-05 03:07:31,1539/1576,Imaae size: 8.6MB Timestamp: 007:4228 (2024-01-05-03:07:31 UTC) GPS Time: 0. PPS: 0. Quality: 0 No GPS position Conversion Rate: 1.3 fps | Current Image: 1539/1576 | L/R Keyframes: 0 / 1576 Shutter 92. Gain 0. Gamma 1.00
2024-01-05 03:07:32,1540/1576,Imaae size: 8.2MB Timestamp: 008:4310 (2024-01-05-03:07:32 UTO) GPS Time: 0. PPS: 0. Quality: 0 No GPS position Conversion Rate: 1.3 fps | Current Image: 1540/1576 | L/R Keyframes: 0 / 1576 Shutter 92. Gain 0. Gamma 1.00
2024-01-05 03:07:33,1541/1576,Imaae size: 8.2MB Timestamp: 009:4391 (2024-01-05-03:07:33 UTO) GPS Time: 0. PPS: 0. Quality: 0 No GPS position Conversion Rate: 1.3 fps | Current Image: 1541/1576 | L/R Keyframes: 0 / 1576 Shutter 92. Gain 0. Gamma 1.00
,1541/1576,Imaae size: 8.2MB Timestamp: 009:4391 (2024-01-05-03:07:33 UTOQ) GPS Time: 0. PPS: 0. Quality: 0 No GPS position Conversion Rate: 1.3 fps | Current Image: 1541/1576 | L/R Keyframes: 0 / 1576 Shutter 92. Gain 0. Gamma 1.00
2024-01-05 03:07:34,1542/1576,Imaae size: 8.3MB Timestamp: 010:4474 (2024-01-05-03:07:34 UTC) GPS Time: 0. PPS: 0. Quality: 0 No GPS position Conversion Rate: 1.3 fps | Current Image: 1542/1576 | L/R Keyframes: 0 / 1576 Shutter 92. Gain 0. Gamma 1.00
2024-01-05 03:07:35,1543/1576,Imaae size: 8.4MB Timestamp: 011:4555 (2024-01-05-03:07:35 UTO) GPS Time: 0. PPS: 0. Quality: 0 No GPS position Conversion Rate: 1.3 fps | Current Image: 1543/1576 | L/R Keyframes: 0 / 1576 Shutter 92. Gain 0. Gamma 1.00
2024-01-05 03:07:36,1544/1576,Imaae size: 8.4MB Timestamp: 012:4637 (2024-01-05-03:07:36 UTC) GPS Time: 0. PPS: 0. Quality: 0 No GPS position Conversion Rate: 1.3 fps | Current Image: 1544/1576 | L/R Keyframes: 0 / 1576 Shutter 92. Gain 0. Gamma 1.00
2024-01-05 03:07:37,1545/1576,Imaae size: 8.4MB Timestamp: 013:4719 (2024-01-05-03:07:37 UTO) GPS Time: 0. PPS: 0. Quality: 0 No GPS position Conversion Rate: 1.3 fps | Current Image: 1545/1576 | L/R Keyframes: 0 / 1576 Shutter 92. Gain 0. Gamma 1.00
2024-01-05 03:07:38,1546/1576,Imaae size: 8.3MB Timestamp: 014:4801 (2024-01-05-03:07:38 UTC) GPS Time: 0. PPS: 0. Quality: 0 No GPS position Conversion Rate: 1.3 fps | Current Image: 1546/1576 | L/R Keyframes: 0 / 1576 Shutter 92. Gain 0. Gamma 1.00
2024-01-05 03:07:39,1547/1576,Imaae size: 8.3MB Timestamp: 015:4882 (2024-01-05-03:07:39 UTC) GPS Time: 0. PPS: 0. Quality: 0 No GPS position Conversion Rate: 1.3 fps | Current Image: 1547/1576 | L/R Keyframes: 0 / 1576 Shutter 92. Gain 0. Gamma 1.00
2024-01-05 03:07:40,1548/1576,Image size: 8.2MB Timestamp: 016:4965 (2024-01-05-03:07:40 UTC) GPS Time: 0. PPS: 0. Quality: 0 No GPS position Conversion Rate: 1.3 fps | Current Image: 1548/1576 | L/R Keyframes: 0 / 1576 Shutter 92. Gain 0. Gamma 1.00
2024-01-05 03:07:41,1549/1576,Imaae size: 8.0MB Timestamp: 017:5046 (2024-01-05-03:07:41 UTC) GPS Time: 0. PPS: 0. Quality: 0 No GPS position Conversion Rate: 1.3 fps | Current Image: 1549/1576 | L/R Keyframes: 0 / 1576 Shutter 92. Gain 0. Gamma 1.00
2024-01-05 03:07:42,1550/1576,Imaae size: 8.3MB Timestamp: 018:5128 (2024-01-05-03:07:42 UTC) GPS Time: 0. PPS: 0. Quality: 0 No GPS position Conversion Rate: 1.3 fps | Current Image: 1550/1576 | L/R Keyframes: 0 / 1576 Shutter 92. Gain 0. Gamma 1.00
2024-01-05 03:07:43,1551/1576,Imaae size: 8.7MB Timestamp: 019:5210 (2024-01-05-03:07:43 UTC) GPS Time: 0. PPS: 0. Quality: 0 No GPS position Conversion Rate: 1.3 fps | Current Image: 1551/1576 | L/R Keyframes: 0 / 1576 Shutter 92. Gain 0. Gamma 1.00
2024-01-05 03:07:44,1552/1576,Imaae size: 8.8MB Timestamp: 020:5292 (2024-01-05-03:07:44 UTC) GPS Time: 0. PPS: 0. Quality: 0 No GPS position Conversion Rate: 1.3 fps | Current Image: 1552/1576 | L/R Keyframes: 0 / 1576 Shutter 92. Gain 0. Gamma 1.00
2024-01-05 03:07:45,1553/1576,Imaqe size: 8.4MB Timestamp: 021:5373 (2024-01-05-03:07:45 UTC) GPS Time: 0. PPS: 0. Quality: 0 No GPS position Conversion Rate: 1.3 fps | Current Image: 1553/1576 | L/R Keyframes: 0 / 1576 Shutter 92. Gain 0. Gamma 1.00
2024-01-05 03:07:46,1554/1576,Imaae size: 8.7MB Timestamp: 022:5456 (2024-01-05-03:07:46 UTC) GPS Time: 0. PPS: 0. Quality: 0 No GPS position Conversion Rate: 1.3 fps | Current Image: 1554/1576 | L/R Keyframes: 0 / 1576 Shutter 92. Gain 0. Gamma 1.00
2024-01-05 03:07:47,1555/1576,Image size: 8.3MB Timestamp: 023:5537 (2024-01-05-03:07:47 UTC) GPS Time: 0. PPS: 0. Quality: 0 No GPS position Conversion Rate: 1.3 fps | Current Image: 1555/1576 | L/R Keyframes: 0 / 1576 Shutter 92. Gain 0. Gamma 1.00
2024-01-05 03:07:48,1556/1576,Image size: 8.1MB Timestamp: 024:5620 (2024-01-05-03:07:48 UTC) GPS Time: 0. PPS: 0. Quality: 0 No GPS position Conversion Rate: 1.3 fps | Current Image: 1556/1576 | L/R Keyframes: 0 / 1576 Shutter 92. Gain 0. Gamma 1.00
2024-01-05 03:07:49,1557/1576,Imaae size: 8.1MB Timestamp: 025:5701 (2024-01-05-03:07:49 UTC) GPS Time: 0. PPS: 0. Quality: 0 No GPS position Conversion Rate: 1.3 fps | Current Image: 1557/1576 | L/R Keyframes: 0 / 1576 Shutter 92. Gain 0. Gamma 1.00
2024-01-05 03:07:50,1558/1576,Image size: 8.0MB Timestamp: 026:5783 (2024-01-05-03:07:50 UTC) GPS Time: 0. PPS: 0. Quality: 0 No GPS position Conversion Rate: 1.3 fps | Current Image: 1558/1576 | L/R Keyframes: 0 / 1576 Shutter 92. Gain 0. Gamma 1.00
2024-01-05 03:07:51,1559/1576,Image size: 8.1MB Timestamp: 027:5865 (2024-01-05-03:07:51 UTO) GPS Time: 0. PPS: 0. Quality: 0 No GPS position Conversion Rate: 1.3 fps | Current Image: 1559/1576 | L/R Keyframes: 0 / 1576 Shutter 92. Gain 0. Gamma 1.00
2024-01-05 03:07:52,1560/1576,Imaqe size: 8.1MB Timestamp: 028:5947 (2024-01-05-03:07:52 UTO) GPS Time: 0. PPS: 0. Quality: 0 No GPS position Conversion Rate: 1.3 fps | Current Image: 1560/1576 | L/R Keyframes: 0 / 1576 Shutter 92. Gain 0. Gamma 1.00
2024-01-05 03:07:53,1561/1576,Imaae size: 8.1MB Timestamp: 029:6030 (2024-01-05-03:07:53 UTO) GPS Time: 0. PPS: 0. Quality: 0 No GPS position Conversion Rate: 1.3 fps | Current Image: 1561/1576 | L/R Keyframes: 0 / 1576 Shutter 92. Gain 0. Gamma 1.00
2024-01-05 03:07:55,1562/1576,Imaae size: 8.2MB Timestamp: 030:6111 (2024-01-05-03:07:55 UTO) GPS Time: 0. PPS: 0. Quality: 0 No GPS position Conversion Rate: 1.3 fps | Current Image: 1562/1576 | L/R Keyframes: 0 / 1576 Shutter 92. Gain 0. Gamma 1.00
2024-01-05 03:07:56,1563/1576,Image size: 8.3MB Timestamp: 031:6193 (2024-01-05-03:07:56 UTO) GPS Time: 0. PPS: 0. Quality: 0 No GPS position Conversion Rate: 1.3 fps | Current Image: 1563/1576 | L/R Keyframes: 0 / 1576 Shutter 92. Gain 0. Gamma 1.00
2024-01-05 03:07:57,1564/1576,Imaae size: 8.6MB Timestamp: 032:6275 (2024-01-05-03:07:57 UTO) GPS Time: 0. PPS: 0. Quality: 0 No GPS position Conversion Rate: 1.3 fps | Current Image: 1564/1576 | L/R Keyframes: 0 / 1576 Shutter 92. Gain 0. Gamma 1.00
2024-01-05 03:07:58,1565/1576,Imaae size: 8.9MB Timestamp: 033:6357 (2024-01-05-03:07:58 UTC) GPS Time: 0. PPS: 0. Quality: 0 No GPS position Conversion Rate: 1.3 fps | Current Image: 1565/1576 | L/R Keyframes: 0 / 1576 Shutter 92. Gain 0. Gamma 1.00
2024-01-05 03:07:59,1566/1576,Imaae size: 8.6MB Timestamp: 034:6438 (2024-01-05-03:07:59 UTC) GPS Time: 0. PPS: 0. Quality: 0 No GPS position Conversion Rate: 1.3 fps | Current Image: 1566/1576 | L/R Keyframes: 0 / 1576 Shutter 92. Gain 0. Gamma 1.00
2024-01-05 03:08:00,1567/1576,Imaae size: 8.4MB Timestamp: 035:7433 (2024-01-05-03:08:00 UTC) GPS Time: 0. PPS: 0. Quality: 0 No GPS position Conversion Rate: 1.3 fps | Current Image: 1567/1576 | L/R Keyframes: 0 / 1576 Shutter 92. Gain 0. Gamma 1.00
2024-01-05 03:08:01,1568/1576,Imaae size: 8.8MB Timestamp: 037:2410 (2024-01-05-03:08:01 UTC) GPS Time: 0. PPS: 0. Quality: 0 No GPS position Conversion Rate: 1.3 fps | Current Image: 1568/1576 | L/R Keyframes: 0 / 1576 Shutter 92. Gain 0. Gamma 1.00
2024-01-05 03:08:03,1569/1576,Imaae size: 6.3MB Timestamp: 039:3953 (2024-01-05-03:08:03 UTC) GPS Time: 0. PPS: 0. Quality: 0 No GPS position Conversion Rate: 1.3 fps | Current Image: 1569/1576 | L/R Keyframes: 0 / 1576 Shutter 92. Gain 0. Gamma 1.00
2024-01-05 03:08:07,1570/1576,Imaqe size: 7.0MB Timestamp: 043:3665 (2024-01-05-03:08:07 UTC) GPS Time: 0. PPS: 0. Quality: 0 No GPS position Conversion Rate: 1.3 fps | Current Image: 1570/1576 | L/R Keyframes: 0 / 1576 Shutter 92. Gain 0. Gamma 1.00
2024-01-05 03:08:09,1571/1576,Imaae size: 9.0MB Timestamp: 045:4748 (2024-01-05-03:08:09 UTC) GPS Time: 0. PPS: 0. Quality: 0 No GPS position Conversion Rate: 1.3 fps | Current Image: 1571/1576 | L/R Keyframes: 0 / 1576 Shutter 92. Gain 0. Gamma 1.00
2024-01-05 03:08:11,1572/1576,Imaae size: 9.8MB Timestamp: 047:1786 (2024-01-05-03:08:11 UTC) GPS Time: 0. PPS: 0. Quality: 0 No GPS position Conversion Rate: 1.3 fps | Current Image: 1572/1576 | L/R Keyframes: 0 / 1576 Shutter 92. Gain 0. Gamma 1.00
2024-01-05 03:08:13,1573/1576,Imaae size: 9.0MB Timestamp: 048:6434 (2024-01-05-03:08:13 UTC) GPS Time: 0. PPS: 0. Quality: 0 No GPS position Conversion Rate: 1.3 fps | Current Image: 1573/1576 | L/R Keyframes: 0 / 1576 Shutter 92. Gain 0. Gamma 1.00
2024-01-05 03:08:14,1574/1576,Imaae size: 8.6MB Timestamp: 050:3423 (2024-01-05-03:08:14 UTC) GPS Time: 0. PPS: 0. Quality: 0 No GPS position Conversion Rate: 1.3 fps | Current Image: 1574/1576 | L/R Keyframes: 0 / 1576 Shutter 92. Gain 0. Gamma 1.00
2024-01-05 03:08:16,1575/1576,Imaae size: 8.8MB Timestamp: 052:1259 (2024-01-05-03:08:16 UTC) GPS Time: 0. PPS: 0. Quality: 0 No GPS position Conversion Rate: 1.3 fps | Current Image: 1575/1576 | L/R Keyframes: 0 / 1576 Shutter 92. Gain 0. Gamma 1.00
2024-01-05 03:08:19,1575/1576,Imaae size: 8.7MB Timestamp: 054:6206 (2024-01-05-03:08:19 UTC) GPS Time: 0. PPS: 0. Quality: 0 No GPS position Conversion Rate: 1.3 fps | Current Image: 1575/1576 | L/R Keyframes: 0 / 1576 Shutter 92. Gain 0. Gamma 1.00
2024-01-05 03:08:19,1576/1576,Imaae size: 8.7MB Timestamp: 054:6206 (2024-01-05-03:08:19 UTC) GPS Time: 0. PPS: 0. Quality: 0 No GPS position Conversion Rate: 1.3 fps | Current Image: 1576/1576 | L/R Keyframes: 0 / 1576 Shutter 92. Gain 0. Gamma 1.00
